district_id,census_2011_pop,rural_pop,urban_pop,households,modelled_2026_pop,source,data_status
MH_PUN,9429408,3673808,5755600,2187342,11025000,CENSUS-INDIA-2011,REAL
MH_SAT,3003741,2432606,571135,662998,3290000,CENSUS-INDIA-2011,REAL
MH_SOL,4317756,2918897,1398859,889155,4820000,CENSUS-INDIA-2011,REAL
MH_KOL,3876001,2645992,1230009,851178,4270000,CENSUS-INDIA-2011,REAL
MH_SAN,2822143,2101234,720909,601345,3090000,CENSUS-INDIA-2011,REAL
MH_AHM,4543159,3630542,912617,968742,5080000,CENSUS-INDIA-2011,REAL
KA_BLR,9621551,871607,8749944,2393845,13450000,CENSUS-INDIA-2011,REAL
KA_BEL,4779661,3568772,1210889,984512,5420000,CENSUS-INDIA-2011,REAL
KA_MYS,3001127,1756543,1244584,712954,3460000,CENSUS-INDIA-2011,REAL
KA_DHA,1847023,797621,1049402,395120,2180000,CENSUS-INDIA-2011,REAL
KA_KAL,2566326,1728144,838182,492140,3010000,CENSUS-INDIA-2011,REAL
RJ_JAI,6626178,3154331,3471847,1134582,8120000,CENSUS-INDIA-2011,REAL
RJ_JOD,3687165,2420815,1266350,624510,4510000,CENSUS-INDIA-2011,REAL
RJ_UDA,3068420,2459740,608680,639812,3720000,CENSUS-INDIA-2011,REAL
RJ_KOT,1951014,774844,1176170,389450,2410000,CENSUS-INDIA-2011,REAL
RJ_BIK,2363937,1563553,800384,398120,2960000,CENSUS-INDIA-2011,REAL
TN_CHE,4646732,0,4646732,1154320,5210000,CENSUS-INDIA-2011,REAL
TN_COI,3458045,840000,2618045,958210,4120000,CENSUS-INDIA-2011,REAL
TN_MAD,3038252,1189420,1848832,801240,3480000,CENSUS-INDIA-2011,REAL
TN_TIR,2722290,1374520,1347770,698410,3080000,CENSUS-INDIA-2011,REAL
TN_SAL,3482056,1708540,1773516,915420,3940000,CENSUS-INDIA-2011,REAL
UP_LKO,4589838,1550842,3038996,874520,5720000,CENSUS-INDIA-2011,REAL
UP_VAR,3676841,2081520,1595321,548920,4480000,CENSUS-INDIA-2011,REAL
UP_AGR,4418797,2394510,2024287,712430,5350000,CENSUS-INDIA-2011,REAL
UP_GOR,4440895,3604510,836385,694210,5420000,CENSUS-INDIA-2011,REAL
UP_PRY,5954391,4481510,1472881,985140,7180000,CENSUS-INDIA-2011,REAL
