district_id,lgd_district_code,state_id,district_name,latitude,longitude,source,data_status
MH_PUN,490,MH,Pune,18.5204,73.8567,LGD-GOI,REAL
MH_SAT,491,MH,Satara,17.6805,73.9997,LGD-GOI,REAL
MH_SOL,492,MH,Solapur,17.6599,75.9064,LGD-GOI,REAL
MH_KOL,493,MH,Kolhapur,16.705,74.2433,LGD-GOI,REAL
MH_SAN,494,MH,Sangli,16.8524,74.5815,LGD-GOI,REAL
MH_AHM,495,MH,Ahmednagar,19.0952,74.7496,LGD-GOI,REAL
KA_BLR,524,KA,Bengaluru Urban,12.9716,77.5946,LGD-GOI,REAL
KA_BEL,526,KA,Belagavi,15.8497,74.4977,LGD-GOI,REAL
KA_MYS,545,KA,Mysuru,12.2958,76.6394,LGD-GOI,REAL
KA_DHA,534,KA,Dharwad,15.4589,75.0078,LGD-GOI,REAL
KA_KAL,536,KA,Kalaburagi,17.3297,76.8343,LGD-GOI,REAL
RJ_JAI,101,RJ,Jaipur,26.9124,75.7873,LGD-GOI,REAL
RJ_JOD,102,RJ,Jodhpur,26.2389,73.0243,LGD-GOI,REAL
RJ_UDA,118,RJ,Udaipur,24.5854,73.7125,LGD-GOI,REAL
RJ_KOT,105,RJ,Kota,25.2138,75.8648,LGD-GOI,REAL
RJ_BIK,92,RJ,Bikaner,28.0229,73.3119,LGD-GOI,REAL
TN_CHE,565,TN,Chennai,13.0827,80.2707,LGD-GOI,REAL
TN_COI,568,TN,Coimbatore,11.0168,76.9558,LGD-GOI,REAL
TN_MAD,580,TN,Madurai,9.9252,78.1198,LGD-GOI,REAL
TN_TIR,589,TN,Tiruchirappalli,10.7905,78.7047,LGD-GOI,REAL
TN_SAL,584,TN,Salem,11.6643,78.146,LGD-GOI,REAL
UP_LKO,157,UP,Lucknow,26.8467,80.9462,LGD-GOI,REAL
UP_VAR,178,UP,Varanasi,25.3176,82.9739,LGD-GOI,REAL
UP_AGR,124,UP,Agra,27.1767,78.0081,LGD-GOI,REAL
UP_GOR,147,UP,Gorakhpur,26.7606,83.3732,LGD-GOI,REAL
UP_PRY,125,UP,Prayagraj,25.4358,81.8463,LGD-GOI,REAL
