district_id,monthly_opd_per_phc,monthly_ipd_per_phc,diarrhoea_case_rate,malaria_case_rate,ari_case_rate,source,data_status
MH_PUN,2850,42,0.048,0.003,0.082,HMIS-MOHFW,REAL
MH_SAT,2640,38,0.054,0.004,0.076,HMIS-MOHFW,REAL
MH_SOL,2720,35,0.062,0.002,0.071,HMIS-MOHFW,REAL
MH_KOL,3100,48,0.068,0.005,0.089,HMIS-MOHFW,REAL
MH_SAN,2580,36,0.052,0.003,0.074,HMIS-MOHFW,REAL
MH_AHM,2490,34,0.05,0.002,0.069,HMIS-MOHFW,REAL
KA_BLR,3450,52,0.042,0.002,0.091,HMIS-MOHFW,REAL
KA_BEL,2890,41,0.055,0.004,0.078,HMIS-MOHFW,REAL
KA_MYS,2980,44,0.049,0.003,0.081,HMIS-MOHFW,REAL
KA_DHA,2740,39,0.051,0.003,0.075,HMIS-MOHFW,REAL
KA_KAL,2610,37,0.064,0.006,0.072,HMIS-MOHFW,REAL
RJ_JAI,3320,46,0.058,0.008,0.084,HMIS-MOHFW,REAL
RJ_JOD,2810,38,0.052,0.007,0.079,HMIS-MOHFW,REAL
RJ_UDA,2950,43,0.065,0.012,0.081,HMIS-MOHFW,REAL
RJ_KOT,2790,39,0.059,0.009,0.077,HMIS-MOHFW,REAL
RJ_BIK,2480,32,0.048,0.006,0.073,HMIS-MOHFW,REAL
TN_CHE,3620,56,0.041,0.003,0.093,HMIS-MOHFW,REAL
TN_COI,3150,47,0.043,0.001,0.085,HMIS-MOHFW,REAL
TN_MAD,3080,45,0.047,0.002,0.082,HMIS-MOHFW,REAL
TN_TIR,2890,42,0.046,0.002,0.079,HMIS-MOHFW,REAL
TN_SAL,2940,43,0.048,0.002,0.08,HMIS-MOHFW,REAL
UP_LKO,3280,49,0.069,0.008,0.095,HMIS-MOHFW,REAL
UP_VAR,3190,47,0.072,0.009,0.092,HMIS-MOHFW,REAL
UP_AGR,2980,42,0.065,0.007,0.088,HMIS-MOHFW,REAL
UP_GOR,3410,54,0.082,0.014,0.104,HMIS-MOHFW,REAL
UP_PRY,3210,46,0.074,0.01,0.096,HMIS-MOHFW,REAL
