district_id,annual_normal_rf_mm,monsoon_normal_rf_mm,peak_monsoon_months,monsoon_type,flood_vulnerability_index,source,data_status
MH_PUN,722.5,612.0,"06,07,08",SW,0.55,IMD-WEATHER,REAL
MH_SAT,918.4,810.2,"06,07,08,09",SW,0.7,IMD-WEATHER,REAL
MH_SOL,545.2,415.6,"07,08,09",SW,0.35,IMD-WEATHER,REAL
MH_KOL,1784.0,1592.5,"06,07,08",SW,0.85,IMD-WEATHER,REAL
MH_SAN,612.8,480.1,"06,07,08,09",SW,0.65,IMD-WEATHER,REAL
MH_AHM,501.2,395.0,"07,08,09",SW,0.4,IMD-WEATHER,REAL
KA_BLR,923.0,580.4,"08,09,10",SW+NE,0.6,IMD-WEATHER,REAL
KA_BEL,808.2,670.5,"06,07,08",SW,0.65,IMD-WEATHER,REAL
KA_MYS,776.4,490.2,"05,08,09,10",SW+NE,0.45,IMD-WEATHER,REAL
KA_DHA,745.0,540.0,"06,07,08",SW,0.4,IMD-WEATHER,REAL
KA_KAL,842.1,690.0,"07,08,09",SW,0.5,IMD-WEATHER,REAL
RJ_JAI,527.1,472.0,"07,08",SW,0.35,IMD-WEATHER,REAL
RJ_JOD,284.4,248.0,"07,08",SW,0.25,IMD-WEATHER,REAL
RJ_UDA,624.5,570.2,"07,08,09",SW,0.45,IMD-WEATHER,REAL
RJ_KOT,795.8,725.4,"07,08",SW,0.6,IMD-WEATHER,REAL
RJ_BIK,242.0,204.0,"07,08",SW,0.2,IMD-WEATHER,REAL
TN_CHE,1382.4,850.2,"10,11,12",NE,0.85,IMD-WEATHER,REAL
TN_COI,647.5,320.0,"10,11",NE,0.35,IMD-WEATHER,REAL
TN_MAD,840.2,420.5,"09,10,11",NE,0.5,IMD-WEATHER,REAL
TN_TIR,818.0,410.0,"10,11",NE,0.45,IMD-WEATHER,REAL
TN_SAL,930.5,510.0,"09,10,11",NE,0.5,IMD-WEATHER,REAL
UP_LKO,896.2,782.0,"07,08,09",SW,0.55,IMD-WEATHER,REAL
UP_VAR,1025.4,910.5,"07,08,09",SW,0.7,IMD-WEATHER,REAL
UP_AGR,686.0,594.0,"07,08",SW,0.4,IMD-WEATHER,REAL
UP_GOR,1280.0,1140.0,"07,08,09",SW,0.9,IMD-WEATHER,REAL
UP_PRY,975.0,860.0,"07,08,09",SW,0.75,IMD-WEATHER,REAL
